order_id,product_id,quantity,order_date,region
1,P8,4,2023-05-21,Central
2,P7,,2023-12-12,South
2,P15,5,2023-05-02,North
3,P5,4,2023-07-03,West
3,P13,2,2023-10-07,South
4,P2,2,2023-09-25,South
5,P2,1,2023-04-30,Central
5,P4,5,2023-12-21,East
6,P10,4,2023-04-02,East
7,P3,4,2023-11-13,East
8,P13,1,2023-07-19,North
8,P3,3,2023-02-15,West
9,P14,5,2023-02-14,West
9,P3,3,2023-02-11,East
10,P14,3,2023-04-09,South
10,P8,2,2023-01-18,Central
11,P4,1,2023-05-25,South
11,P7,2,2023-07-29,North
12,P4,3,2023-01-25,East
12,P14,5,2023-12-05,East
13,P1,4,2023-11-21,South
13,P15,5,2023-04-14,South
14,P3,5,2023-10-15,South
15,P12,4,2023-02-14,East
16,P15,3,2023-09-15,East
17,P12,3,2023-05-13,East
18,P13,1,2023-05-16,Central
18,P5,3,2023-04-23,West
19,P4,2,2023-09-12,South
20,P3,1,2023-01-14,South
20,P1,5,2023-06-19,South
21,P6,3,2023-12-11,West
21,P5,1,2023-11-22,North
22,P3,5,2023-12-22,East
22,P3,3,2023-03-30,West
23,P10,4,2023-09-10,West
24,P5,1,2023-06-10,West
24,P14,,2023-03-10,Central
25,P15,2,2023-08-02,North
25,P10,3,2023-06-21,North
26,P6,1,2023-12-13,South
27,P8,1,2023-11-07,West
27,P1,1,2023-12-29,East
28,P12,4,2023-07-27,East
28,P9,2,2023-02-21,East
29,P8,2,2023-03-15,East
30,P7,,2023-06-24,West
31,P8,4,2023-10-19,Central
32,P14,3,2023-03-08,South
33,P8,,2023-05-16,Central
34,P8,2,2023-10-14,East
35,P12,5,2023-03-25,South
36,P14,1,2023-08-21,North
37,P11,,2023-01-03,East
37,P5,5,2023-09-25,North
38,P3,1,2023-07-16,North
38,P13,2,2023-10-26,West
39,P3,2,2023-08-26,South
39,P8,4,2023-04-21,North
40,P9,5,2023-10-06,Central
41,P5,,2023-05-13,Central
41,P1,1,2023-04-03,Central
42,P2,2,2023-09-26,South
43,P7,3,2023-06-15,West
44,P7,4,2023-03-19,West
44,P5,2,2023-02-25,North
45,P7,4,2023-05-13,Central
46,P1,2,2023-03-19,East
46,P6,3,2023-05-05,North
47,P11,,2023-07-11,North
48,P15,5,2023-12-01,North
48,P3,4,2023-04-18,West
49,P7,5,2023-09-08,South
50,P6,4,2023-06-10,South
51,P3,3,2023-02-06,North
51,P7,5,2023-11-21,Central
52,P6,2,2023-10-25,West
52,P8,5,2023-09-03,South
53,P6,2,2023-12-21,Central
54,P15,4,2023-04-05,North
55,P4,2,2023-04-22,Central
55,P14,1,2023-01-15,East
56,P4,1,2023-05-18,East
57,P15,3,2023-01-22,South
57,P2,2,2023-04-23,South
58,P8,5,2023-03-19,South
58,P15,5,2023-10-06,North
59,P7,2,2023-08-23,West
60,P14,3,2023-05-18,West
61,P4,1,2023-02-25,West
62,P10,4,2023-10-08,East
62,P10,2,2023-08-05,North
63,P8,3,2023-12-30,Central
64,P11,1,2023-12-07,East
64,P6,1,2023-07-04,South
65,P5,1,2023-11-20,West
66,P11,3,2023-10-21,North
66,P14,3,2023-03-13,East
67,P5,5,2023-06-24,South
67,P8,2,2023-03-05,Central
68,P9,1,2023-09-01,West
68,P7,,2023-06-18,West
69,P6,5,2023-12-13,South
70,P11,3,2023-12-07,Central
70,P7,5,2023-06-16,West
71,P14,4,2023-10-25,South
72,P3,1,2023-05-02,East
73,P4,5,2023-06-13,South
74,P4,2,2023-09-01,East
75,P14,3,2023-04-08,East
75,P2,5,2023-04-06,North
76,P12,5,2023-09-09,South
76,P4,2,2023-03-09,East
77,P12,1,2023-05-27,East
77,P4,2,2023-06-03,West
78,P7,3,2023-08-14,West
79,P8,2,2023-11-22,South
79,P7,1,2023-07-27,North
80,P15,5,2023-11-04,West
80,P6,1,2023-02-28,East
81,P8,5,2023-07-10,West
82,P5,5,2023-07-13,North
83,P2,5,2023-09-01,West
83,P6,2,2023-01-04,Central
84,P10,2,2023-06-12,West
84,P3,3,2023-03-30,North
85,P15,3,2023-04-06,West
86,P15,4,2023-01-05,South
87,P8,1,2023-07-14,Central
88,P2,5,2023-08-06,South
88,P2,5,2023-04-12,Central
89,P13,3,2023-10-16,North
90,P7,3,2023-10-11,West
90,P5,1,2023-02-15,West
91,P3,,2023-11-01,East
91,P11,4,2023-07-04,North
92,P13,2,2023-07-21,West
93,P1,,2023-04-13,Central
94,P7,2,2023-07-20,South
95,P7,5,2023-02-04,East
95,P9,2,2023-05-28,West
96,P1,1,2023-05-02,North
97,P9,1,2023-12-20,South
98,P7,2,2023-05-05,East
99,P11,4,2023-09-30,Central
100,P10,3,2023-03-07,Central
101,P3,3,2023-01-09,East
102,P11,,2023-07-05,Central
103,P11,,2023-12-08,South
103,P2,3,2023-11-24,South
104,P6,1,2023-12-24,Central
105,P8,,2023-04-14,West
106,P13,4,2023-11-06,South
106,P12,1,2023-11-03,West
107,P14,3,2023-09-02,Central
108,P7,4,2023-09-02,East
109,P6,1,2023-11-16,East
110,P9,2,2023-09-07,North
110,P5,4,2023-10-03,Central
111,P13,2,2023-04-26,North
112,P5,5,2023-02-19,Central
112,P14,2,2023-07-15,West
113,P10,1,2023-03-05,West
113,P3,5,2023-08-26,West
114,P9,2,2023-07-08,North
114,P9,4,2023-01-07,South
115,P15,1,2023-08-29,Central
115,P11,1,2023-08-15,South
116,P9,2,2023-06-12,North
117,P14,1,2023-10-29,North
117,P10,4,2023-12-20,North
118,P12,4,2023-11-23,South
119,P5,1,2023-03-03,West
120,P11,1,2023-11-03,East
121,P6,2,2023-06-02,North
121,P4,3,2023-02-18,Central
122,P5,4,2023-11-06,South
122,P3,1,2023-01-30,South
123,P10,4,2023-09-28,South
124,P13,5,2023-03-09,Central
125,P11,2,2023-03-04,South
126,P10,1,2023-04-25,South
127,P7,2,2023-05-17,South
127,P15,2,2023-12-23,North
128,P6,,2023-11-24,Central
129,P10,3,2023-03-28,Central
130,P14,3,2023-03-18,East
130,P5,5,2023-08-02,West
131,P11,3,2023-10-01,Central
131,P15,4,2023-12-23,South
132,P15,3,2023-07-15,North
133,P14,1,2023-10-17,North
134,P15,3,2023-02-05,South
134,P6,5,2023-03-23,South
135,P13,,2023-10-21,Central
135,P15,1,2023-05-16,North
136,P5,,2023-01-11,North
136,P15,3,2023-11-19,East
137,P9,5,2023-09-29,North
137,P7,,2023-08-03,South
138,P10,1,2023-01-19,Central
138,P4,4,2023-09-02,Central
139,P4,2,2023-07-27,Central
140,P3,2,2023-04-02,East
141,P12,3,2023-10-31,North
142,P8,3,2023-12-19,East
142,P13,2,2023-08-20,Central
143,P9,1,2023-06-25,West
143,P2,5,2023-07-06,West
144,P10,4,2023-06-03,South
145,P2,4,2023-01-15,North
146,P9,1,2023-04-01,East
146,P12,4,2023-05-12,South
147,P4,1,2023-12-04,West
147,P4,2,2023-11-27,East
148,P9,1,2023-12-13,Central
148,P14,3,2023-07-03,South
149,P7,4,2023-01-02,South
149,P1,4,2023-08-15,East
150,P9,2,2023-09-17,West
150,P7,1,2023-04-10,North
151,P10,5,2023-04-17,West
152,P1,4,2023-05-16,East
153,P2,4,2023-02-25,Central
154,P15,1,2023-04-20,North
154,P3,1,2023-02-14,Central
155,P3,4,2023-05-03,West
156,P8,1,2023-03-10,South
156,P8,1,2023-11-03,South
157,P14,,2023-06-13,East
157,P3,2,2023-12-16,Central
158,P7,1,2023-12-31,East
158,P11,1,2023-04-08,Central
159,P8,1,2023-08-25,North
160,P9,2,2023-10-08,East
161,P8,4,2023-03-27,West
162,P11,,2023-07-06,East
163,P6,1,2023-11-24,South
164,P6,3,2023-10-06,West
165,P8,1,2023-08-27,Central
165,P2,2,2023-05-27,South
166,P1,4,2023-07-31,North
167,P7,5,2023-10-23,Central
168,P2,2,2023-06-03,North
169,P10,5,2023-04-28,South
169,P8,4,2023-06-18,East
170,P6,2,2023-08-29,West
170,P4,4,2023-10-26,South
171,P12,1,2023-06-29,West
172,P5,4,2023-10-15,East
172,P8,3,2023-01-05,Central
173,P12,1,2023-02-14,Central
174,P4,5,2023-03-16,East
175,P6,3,2023-02-19,East
176,P12,1,2023-10-22,East
177,P2,,2023-04-19,East
177,P4,2,2023-09-28,Central
178,P14,5,2023-06-03,West
178,P2,4,2023-01-04,South
179,P4,2,2023-05-16,West
180,P6,3,2023-03-02,Central
181,P2,4,2023-01-31,South
182,P9,3,2023-03-02,Central
182,P4,4,2023-04-06,South
183,P12,5,2023-05-27,East
183,P2,5,2023-06-09,East
184,P4,5,2023-05-12,West
185,P14,4,2023-12-09,North
186,P11,2,2023-03-09,North
186,P14,2,2023-04-21,West
187,P1,4,2023-09-28,West
188,P3,1,2023-11-16,North
188,P8,3,2023-04-21,East
189,P14,4,2023-09-27,East
189,P15,1,2023-12-21,North
190,P4,4,2023-05-25,West
190,P8,2,2023-11-08,East
191,P12,1,2023-07-21,South
191,P6,2,2023-06-20,Central
192,P4,,2023-01-25,South
192,P11,,2023-11-10,West
193,P8,3,2023-12-03,South
193,P7,2,2023-07-13,North
194,P2,3,2023-01-06,South
195,P8,2,2023-08-17,Central
195,P7,,2023-03-12,North
196,P4,5,2023-09-10,South
197,P5,3,2023-05-21,South
197,P11,4,2023-11-04,East
198,P1,4,2023-10-09,Central
199,P13,1,2023-08-16,South
200,P2,4,2023-03-17,East
200,P10,2,2023-02-15,Central
201,P12,5,2023-10-24,East
202,P14,5,2023-12-12,West
202,P2,5,2023-04-09,West
203,P1,,2023-01-16,North
203,P6,2,2023-05-08,Central
204,P6,4,2023-07-26,East
204,P7,3,2023-10-26,South
205,P7,5,2023-02-09,East
206,P12,1,2023-03-01,East
207,P8,1,2023-12-23,West
208,P8,5,2023-04-23,East
209,P5,2,2023-07-09,East
209,P3,4,2023-08-24,Central
210,P15,,2023-10-05,South
210,P2,5,2023-03-16,East
211,P9,,2023-07-17,Central
212,P14,5,2023-01-11,South
212,P8,4,2023-06-24,North
213,P13,2,2023-04-04,North
213,P8,1,2023-05-16,Central
214,P3,1,2023-08-01,South
215,P2,5,2023-11-26,West
215,P14,,2023-03-10,North
216,P15,2,2023-01-03,West
216,P14,3,2023-02-21,West
217,P6,2,2023-01-18,North
218,P15,4,2023-08-11,Central
219,P7,2,2023-03-20,South
219,P8,5,2023-07-29,East
220,P7,2,2023-03-22,South
220,P7,,2023-06-20,South
221,P1,1,2023-03-20,East
221,P3,4,2023-06-21,South
222,P1,,2023-07-19,West
223,P12,2,2023-11-15,East
224,P10,5,2023-11-21,East
224,P3,2,2023-10-28,North
225,P5,3,2023-03-12,Central
226,P11,3,2023-07-19,West
227,P13,1,2023-06-12,West
227,P4,5,2023-08-19,South
228,P11,3,2023-03-03,West
229,P11,1,2023-04-19,West
230,P7,2,2023-11-05,East
231,P1,3,2023-07-12,North
232,P3,3,2023-04-05,North
232,P7,3,2023-03-22,East
233,P4,5,2023-05-27,West
234,P5,2,2023-07-28,North
235,P5,4,2023-02-14,Central
235,P5,1,2023-12-13,West
236,P8,2,2023-03-08,North
237,P13,5,2023-06-20,West
238,P11,,2023-10-23,East
239,P5,5,2023-08-30,North
239,P7,1,2023-02-25,North
240,P6,4,2023-11-21,South
240,P10,1,2023-09-07,East
241,P12,4,2023-02-28,South
242,P12,1,2023-08-26,West
242,P1,4,2023-03-23,South
243,P4,4,2023-06-11,South
243,P6,3,2023-01-23,East
244,P8,,2023-11-24,South
244,P6,4,2023-11-30,Central
245,P1,5,2023-08-29,West
246,P11,5,2023-07-24,West
246,P14,3,2023-02-27,West
247,P2,5,2023-03-30,West
247,P6,4,2023-05-30,West
248,P2,3,2023-12-17,Central
249,P15,3,2023-06-04,West
250,P14,2,2023-07-24,Central
251,P13,5,2023-10-05,West
251,P12,3,2023-08-03,West
252,P10,5,2023-05-04,Central
253,P13,1,2023-04-14,Central
253,P13,2,2023-10-11,West
254,P9,3,2023-12-12,West
254,P15,5,2023-05-01,East
255,P8,1,2023-04-01,South
256,P11,2,2023-11-26,North
257,P1,2,2023-07-03,West
258,P9,1,2023-01-18,East
258,P13,,2023-05-18,East
259,P11,1,2023-01-16,West
260,P8,5,2023-11-21,North
260,P12,5,2023-06-13,Central
261,P7,,2023-11-29,South
261,P5,1,2023-09-12,East
262,P1,1,2023-04-27,North
263,P8,4,2023-12-11,South
264,P12,3,2023-05-28,West
265,P9,,2023-01-17,North
266,P2,4,2023-06-16,South
267,P6,3,2023-11-22,South
268,P15,5,2023-04-16,Central
268,P6,1,2023-03-05,Central
269,P6,,2023-12-21,West
270,P15,5,2023-01-04,South
270,P6,4,2023-10-26,North
271,P7,1,2023-02-18,Central
271,P7,1,2023-09-06,North
272,P13,1,2023-12-08,West
272,P4,5,2023-05-27,East
273,P5,,2023-07-09,South
273,P8,2,2023-09-08,West
274,P13,3,2023-11-02,West
274,P8,4,2023-09-25,West
275,P3,3,2023-06-17,East
275,P7,3,2023-09-07,North
276,P9,5,2023-07-01,West
277,P12,1,2023-12-10,South
277,P4,5,2023-08-19,North
278,P11,1,2023-11-16,West
279,P7,3,2023-02-26,East
279,P10,2,2023-05-14,North
280,P4,1,2023-11-01,South
281,P13,2,2023-12-27,West
281,P1,1,2023-02-12,North
282,P12,2,2023-10-18,East
282,P13,2,2023-03-02,South
283,P1,2,2023-10-04,North
283,P4,1,2023-09-12,South
284,P11,4,2023-09-08,North
284,P14,4,2023-03-21,South
285,P12,,2023-08-10,Central
286,P2,3,2023-10-18,West
286,P8,1,2023-04-06,West
287,P2,5,2023-10-02,West
287,P5,2,2023-08-18,West
288,P2,5,2023-08-28,East
288,P1,5,2023-10-30,South
289,P14,4,2023-04-05,West
289,P3,1,2023-10-18,Central
290,P10,1,2023-08-18,South
290,P3,2,2023-10-15,East
291,P11,4,2023-10-29,East
291,P12,,2023-04-11,North
292,P9,3,2023-09-09,South
292,P1,2,2023-01-21,South
293,P8,5,2023-09-30,West
293,P13,2,2023-04-28,West
294,P13,,2023-08-24,East
295,P8,2,2023-11-30,Central
295,P7,,2023-06-24,North
296,P3,2,2023-03-01,East
297,P13,3,2023-02-24,West
297,P3,1,2023-04-05,West
298,P4,2,2023-12-24,West
299,P1,3,2023-01-22,South
299,P6,2,2023-09-14,Central
300,P6,4,2023-01-24,East
301,P7,5,2023-02-14,South
301,P11,2,2023-09-14,East
302,P14,1,2023-11-09,East
303,P9,2,2023-11-21,North
303,P9,1,2023-12-21,West
304,P12,2,2023-10-20,South
305,P11,4,2023-06-03,Central
306,P3,2,2023-01-19,East
307,P3,2,2023-04-03,Central
307,P4,5,2023-08-05,South
308,P8,5,2023-05-13,South
308,P4,5,2023-11-03,East
309,P13,3,2023-10-04,East
310,P6,3,2023-02-06,South
310,P14,5,2023-10-08,West
311,P11,3,2023-04-24,South
311,P7,,2023-12-03,Central
312,P4,2,2023-11-17,North
312,P6,1,2023-08-12,East
313,P3,4,2023-07-27,South
313,P14,4,2023-09-06,East
314,P10,1,2023-02-11,South
315,P10,5,2023-07-22,West
316,P10,5,2023-03-07,East
316,P13,5,2023-09-19,South
317,P9,4,2023-03-28,West
318,P12,4,2023-07-16,West
318,P7,3,2023-03-30,North
319,P10,4,2023-07-09,South
320,P15,2,2023-05-30,West
320,P12,2,2023-04-05,East
321,P6,5,2023-05-29,North
322,P3,5,2023-06-13,West
323,P6,3,2023-04-20,South
324,P6,3,2023-09-29,West
325,P1,3,2023-09-04,South
326,P12,3,2023-01-04,East
327,P10,,2023-06-08,Central
327,P9,5,2023-10-15,West
328,P6,2,2023-11-05,East
328,P6,5,2023-05-06,Central
329,P14,2,2023-12-16,West
329,P5,5,2023-07-13,West
330,P11,5,2023-10-20,Central
331,P2,3,2023-12-06,East
331,P10,5,2023-04-10,West
332,P3,3,2023-07-09,South
333,P6,1,2023-03-16,East
334,P10,,2023-05-30,South
334,P8,1,2023-10-21,Central
335,P11,4,2023-07-16,South
336,P11,3,2023-05-10,South
337,P8,4,2023-10-22,Central
338,P4,1,2023-12-14,North
338,P6,1,2023-09-09,South
339,P9,2,2023-07-31,Central
340,P10,4,2023-07-11,Central
340,P4,3,2023-09-29,East
341,P6,4,2023-08-18,West
342,P4,1,2023-09-19,West
343,P5,3,2023-11-01,Central
343,P3,1,2023-09-30,Central
344,P3,5,2023-08-02,Central
344,P3,4,2023-06-24,North
345,P7,1,2023-10-16,Central
346,P7,4,2023-09-08,Central
347,P12,,2023-12-12,East
348,P6,1,2023-12-06,South
349,P6,5,2023-02-08,West
350,P11,,2023-02-22,East
351,P8,4,2023-04-14,Central
351,P2,4,2023-10-31,South
352,P14,1,2023-03-31,North
353,P10,2,2023-04-03,North
354,P7,5,2023-11-20,East
355,P11,3,2023-09-12,West
356,P14,3,2023-01-03,East
356,P14,5,2023-11-06,West
357,P6,5,2023-12-24,Central
358,P4,1,2023-04-08,Central
359,P2,4,2023-05-24,East
359,P1,5,2023-03-21,Central
360,P7,3,2023-04-18,Central
361,P10,1,2023-06-21,North
362,P6,,2023-10-02,East
363,P14,5,2023-04-26,North
363,P1,5,2023-09-04,East
364,P10,3,2023-06-01,North
364,P14,4,2023-04-13,East
365,P3,5,2023-02-08,South
366,P3,1,2023-10-09,North
366,P12,5,2023-02-14,South
367,P9,4,2023-11-28,West
368,P8,5,2023-10-14,North
369,P7,4,2023-08-03,Central
370,P6,1,2023-08-22,West
371,P4,2,2023-03-26,Central
372,P1,2,2023-10-11,South
373,P15,4,2023-04-03,North
373,P2,2,2023-11-15,South
374,P15,4,2023-05-07,South
374,P3,,2023-05-11,West
375,P14,2,2023-03-04,West
375,P1,2,2023-04-10,East
376,P15,4,2023-04-16,East
377,P2,,2023-08-16,Central
377,P6,2,2023-04-17,South
378,P14,5,2023-07-08,West
379,P12,4,2023-09-05,Central
379,P5,,2023-07-15,South
380,P14,4,2023-03-01,North
380,P2,2,2023-01-16,East
381,P10,1,2023-01-07,Central
382,P4,2,2023-10-24,East
382,P15,,2023-08-19,East
383,P9,3,2023-10-01,West
383,P1,1,2023-07-29,East
384,P14,,2023-01-24,Central
384,P15,3,2023-07-23,North
385,P2,3,2023-03-18,Central
386,P9,1,2023-02-19,North
387,P6,4,2023-03-24,North
387,P15,2,2023-04-05,Central
388,P15,1,2023-05-15,South
388,P7,5,2023-05-03,North
389,P13,3,2023-01-11,West
389,P3,5,2023-03-18,South
390,P3,2,2023-01-06,West
390,P14,5,2023-09-12,Central
391,P11,4,2023-06-08,East
392,P9,2,2023-02-25,West
392,P12,3,2023-11-14,East
393,P11,2,2023-11-16,West
393,P9,4,2023-04-10,East
394,P11,4,2023-04-05,West
394,P11,5,2023-06-15,East
395,P15,5,2023-02-21,North
396,P14,3,2023-12-03,North
396,P6,2,2023-03-29,Central
397,P4,1,2023-02-09,Central
398,P1,2,2023-04-04,Central
399,P7,4,2023-07-10,North
400,P14,4,2023-01-24,North
400,P1,3,2023-05-29,Central
401,P11,4,2023-03-13,Central
401,P2,5,2023-01-01,North
402,P15,4,2023-08-28,North
402,P14,1,2023-01-28,North
403,P1,3,2023-12-15,East
404,P11,3,2023-08-22,East
405,P15,1,2023-02-22,Central
406,P8,4,2023-10-29,North
407,P11,1,2023-03-19,East
407,P12,5,2023-09-12,West
408,P7,2,2023-01-18,East
408,P7,,2023-05-29,East
409,P12,5,2023-09-19,North
409,P9,,2023-02-19,North
410,P13,2,2023-11-25,East
411,P10,,2023-05-06,Central
412,P8,2,2023-06-17,Central
412,P5,5,2023-11-17,North
413,P5,5,2023-04-26,Central
413,P8,5,2023-02-23,North
414,P12,2,2023-09-30,South
415,P10,1,2023-04-15,East
416,P1,3,2023-09-21,Central
416,P15,2,2023-09-04,North
417,P15,2,2023-02-22,West
418,P8,4,2023-03-19,Central
419,P7,5,2023-05-16,North
420,P15,4,2023-12-14,North
421,P6,1,2023-12-14,South
422,P1,1,2023-01-21,North
423,P4,1,2023-06-16,East
424,P9,4,2023-08-31,North
425,P14,3,2023-04-06,Central
425,P11,4,2023-04-12,South
426,P1,2,2023-10-18,Central
427,P7,5,2023-06-06,South
428,P1,5,2023-07-29,Central
429,P8,5,2023-04-01,East
429,P10,3,2023-08-26,Central
430,P10,5,2023-06-16,North
430,P3,4,2023-02-18,North
431,P10,2,2023-11-09,Central
431,P14,,2023-05-18,Central
432,P7,1,2023-01-19,South
433,P11,4,2023-12-28,South
434,P13,3,2023-03-20,West
435,P8,2,2023-02-23,East
435,P12,4,2023-12-09,East
436,P9,2,2023-06-06,East
436,P5,1,2023-06-27,South
437,P2,3,2023-12-06,South
438,P2,5,2023-08-23,Central
439,P2,5,2023-03-11,North
439,P12,4,2023-04-02,Central
440,P4,,2023-10-20,North
441,P7,3,2023-01-19,South
441,P9,1,2023-07-16,Central
442,P13,5,2023-09-27,North
443,P6,4,2023-05-22,East
444,P2,3,2023-01-08,Central
445,P13,3,2023-12-05,East
446,P13,5,2023-08-24,East
447,P13,3,2023-06-29,South
448,P2,1,2023-07-31,Central
449,P14,3,2023-11-27,West
449,P12,1,2023-05-21,Central
450,P1,5,2023-11-20,East
450,P12,1,2023-07-22,Central
451,P10,3,2023-07-30,Central
452,P3,3,2023-11-03,East
453,P12,5,2023-10-14,North
453,P14,5,2023-02-18,Central
454,P8,4,2023-07-27,Central
455,P12,,2023-12-11,East
455,P11,,2023-09-28,South
456,P11,5,2023-03-27,Central
456,P7,,2023-04-11,West
457,P8,3,2023-04-29,South
458,P1,3,2023-10-22,West
458,P3,3,2023-07-18,Central
459,P8,3,2023-02-10,East
459,P1,,2023-12-11,North
460,P5,1,2023-11-07,East
461,P10,5,2023-09-17,North
462,P10,1,2023-02-19,North
463,P13,1,2023-06-24,West
463,P9,1,2023-03-30,West
464,P1,5,2023-06-13,East
464,P13,1,2023-07-27,West
465,P9,4,2023-03-06,North
466,P3,1,2023-05-06,South
466,P5,5,2023-02-18,North
467,P8,2,2023-02-26,West
468,P14,3,2023-07-31,East
469,P4,3,2023-11-24,West
469,P1,3,2023-11-07,Central
470,P10,5,2023-06-13,North
471,P8,1,2023-01-15,East
472,P15,2,2023-09-11,North
473,P8,3,2023-12-27,West
473,P3,5,2023-11-09,South
474,P3,5,2023-02-12,East
475,P5,1,2023-06-23,Central
476,P13,1,2023-12-27,West
477,P14,1,2023-02-06,East
478,P3,3,2023-03-02,North
479,P3,4,2023-07-13,North
479,P13,4,2023-03-26,South
480,P6,1,2023-05-26,South
480,P8,2,2023-10-20,South
481,P6,1,2023-12-03,South
482,P1,1,2023-04-11,East
483,P2,,2023-07-23,East
484,P12,,2023-10-25,Central
484,P9,4,2023-09-03,East
485,P7,3,2023-11-27,South
486,P1,4,2023-06-30,Central
486,P10,4,2023-08-27,South
487,P10,2,2023-04-26,North
487,P8,1,2023-10-09,North
488,P12,3,2023-11-10,North
488,P3,3,2023-01-04,East
489,P8,,2023-06-09,Central
489,P13,2,2023-06-14,Central
490,P10,3,2023-09-01,East
490,P2,4,2023-11-27,Central
491,P7,1,2023-01-30,Central
491,P4,3,2023-02-16,Central
492,P10,2,2023-01-08,South
492,P8,,2023-06-03,East
493,P1,4,2023-09-30,East
494,P15,2,2023-05-27,West
495,P8,3,2023-04-06,North
496,P7,3,2023-10-17,West
497,P12,5,2023-06-04,West
497,P4,,2023-08-30,North
498,P1,5,2023-03-26,South
498,P14,4,2023-10-15,South
499,P1,2,2023-07-05,West
499,P9,,2023-01-15,Central
500,P13,4,2023-01-30,Central
501,P5,2,2023-01-13,East
502,P6,,2023-04-23,South
502,P1,5,2023-09-08,Central
503,P12,5,2023-06-29,West
503,P4,2,2023-09-28,South
504,P12,1,2023-02-02,South
505,P5,4,2023-11-09,Central
506,P11,5,2023-08-30,East
507,P7,,2023-05-03,Central
507,P15,1,2023-01-22,South
508,P12,1,2023-06-10,Central
509,P6,3,2023-08-06,East
509,P4,1,2023-11-11,West
510,P5,2,2023-04-17,North
510,P4,3,2023-07-17,Central
511,P5,3,2023-09-19,South
512,P14,2,2023-03-01,West
512,P8,1,2023-10-25,Central
513,P1,3,2023-08-12,South
514,P3,3,2023-04-16,South
515,P14,1,2023-08-09,West
516,P1,1,2023-09-20,West
517,P7,4,2023-08-18,South
518,P5,2,2023-11-25,East
519,P3,3,2023-05-11,East
519,P2,4,2023-04-11,Central
520,P11,,2023-12-24,Central
520,P10,5,2023-02-25,South
521,P4,1,2023-09-12,North
522,P5,2,2023-01-17,North
523,P4,5,2023-09-18,South
524,P1,3,2023-11-12,North
524,P3,5,2023-06-03,West
525,P2,3,2023-01-09,West
526,P8,,2023-08-17,West
527,P3,2,2023-08-22,South
527,P3,2,2023-11-22,West
528,P11,3,2023-09-03,Central
529,P2,3,2023-08-21,North
530,P6,,2023-04-11,East
531,P5,3,2023-01-23,North
532,P15,3,2023-12-18,North
532,P4,2,2023-09-30,East
533,P7,,2023-03-05,Central
534,P15,,2023-04-28,South
535,P15,1,2023-08-30,West
535,P11,2,2023-08-02,West
536,P3,3,2023-10-23,Central
536,P15,2,2023-02-18,East
537,P5,4,2023-12-13,West
538,P2,1,2023-12-15,West
538,P8,1,2023-04-17,North
539,P3,3,2023-09-14,Central
540,P13,1,2023-10-15,Central
540,P7,3,2023-07-13,South
541,P1,1,2023-04-25,South
542,P14,1,2023-03-25,East
543,P12,1,2023-10-27,East
544,P3,4,2023-09-21,South
544,P5,3,2023-07-20,North
545,P8,5,2023-05-10,Central
546,P13,2,2023-01-30,South
546,P11,3,2023-04-08,West
547,P15,4,2023-11-26,East
547,P2,4,2023-11-12,South
548,P14,3,2023-11-03,West
548,P14,1,2023-10-11,South
549,P11,1,2023-05-06,North
550,P14,5,2023-07-14,West
550,P9,4,2023-08-06,South
551,P13,5,2023-05-08,South
551,P15,5,2023-03-24,North
552,P9,1,2023-02-08,Central
553,P7,,2023-08-22,Central
553,P3,3,2023-04-22,West
554,P8,4,2023-07-06,West
554,P5,,2023-04-07,Central
555,P8,4,2023-09-02,South
555,P2,1,2023-10-13,South
556,P15,3,2023-08-19,South
556,P12,2,2023-01-05,Central
557,P13,5,2023-04-02,North
557,P11,2,2023-08-10,East
558,P1,3,2023-10-13,South
559,P12,1,2023-03-22,West
560,P6,1,2023-11-28,West
560,P8,5,2023-04-02,North
561,P14,5,2023-02-12,Central
562,P7,4,2023-01-26,West
563,P11,3,2023-07-01,East
563,P9,2,2023-04-22,West
564,P10,4,2023-01-18,East
565,P8,,2023-09-23,Central
566,P1,1,2023-11-23,East
567,P13,4,2023-06-19,South
568,P5,2,2023-03-25,East
568,P8,3,2023-09-12,Central
569,P11,2,2023-09-29,West
569,P9,5,2023-01-18,East
570,P15,5,2023-01-25,West
571,P4,5,2023-12-14,North
572,P4,1,2023-06-18,Central
572,P8,4,2023-04-05,North
573,P12,2,2023-03-13,North
573,P13,4,2023-04-09,Central
574,P13,3,2023-07-18,Central
574,P13,1,2023-03-07,East
575,P9,1,2023-11-20,South
576,P4,,2023-03-18,East
577,P4,4,2023-07-05,East
578,P4,2,2023-02-22,East
578,P3,1,2023-01-23,South
579,P12,5,2023-02-15,North
579,P2,3,2023-01-13,Central
580,P12,3,2023-08-01,North
581,P2,,2023-06-04,East
581,P9,1,2023-06-17,East
582,P15,5,2023-08-23,Central
582,P1,1,2023-11-11,South
583,P7,1,2023-12-18,West
583,P6,3,2023-10-02,North
584,P15,1,2023-06-19,East
584,P11,,2023-12-01,Central
585,P6,1,2023-06-25,South
585,P3,1,2023-02-14,East
586,P5,2,2023-10-28,East
586,P7,5,2023-07-10,North
587,P3,5,2023-06-16,South
588,P15,2,2023-09-10,East
588,P13,1,2023-06-20,Central
589,P3,,2023-02-14,Central
590,P2,5,2023-07-05,North
591,P1,5,2023-02-27,South
592,P3,5,2023-10-01,Central
593,P6,,2023-12-31,South
593,P6,5,2023-03-03,Central
594,P12,2,2023-03-19,East
594,P7,,2023-11-25,East
595,P6,1,2023-03-26,West
596,P4,3,2023-12-23,East
596,P4,3,2023-06-16,Central
597,P12,2,2023-07-09,West
598,P2,4,2023-12-10,West
598,P15,4,2023-02-09,East
599,P4,5,2023-11-26,South
600,P1,5,2023-03-02,East